lambda0	lnL
0.3	-8.551084
0.4	-8.346139
0.5	-8.199047
0.6	-8.087074
0.7	-7.998462
0.8	-7.926383
0.9	-7.866542
1	-7.816077
1.1	-7.772986
1.2	-7.735826
1.3	-7.703519
1.4	-7.675245
1.5	-7.650364
1.6	-7.628369
1.7	-7.608853
1.8	-7.591483
1.9	-7.575988
2	-7.562137
2.1	-7.549739
2.2	-7.538632
2.3	-7.528677
2.4	-7.519755
2.5	-7.511761
2.6	-7.504607
2.7	-7.498212
2.8	-7.492509
2.9	-7.487436
3	-7.482938
3.1	-7.478968
3.2	-7.475483
3.3	-7.472443
3.4	-7.469814
3.5	-7.467565
3.6	-7.465667
3.7	-7.464095
3.8	-7.462825
3.9	-7.461836
4	-7.461108
4.1	-7.460624
4.2	-7.460367
4.3	-7.460323
4.4	-7.460477
4.5	-7.460816
4.6	-7.46133
4.7	-7.462007
4.8	-7.462837
4.9	-7.463811
5	-7.46492
5.1	-7.466156
5.2	-7.467511
5.3	-7.468979
5.4	-7.470552
5.5	-7.472226
5.6	-7.473993
5.7	-7.47585
5.8	-7.47779
5.9	-7.479809
6	-7.481903
